<?xml version="1.0" encoding="UTF-8"?>
<project-private xmlns="http://www.netbeans.org/ns/project-private/1">
    <editor-bookmarks xmlns="http://www.netbeans.org/ns/editor-bookmarks/2" lastBookmarkId="0"/>
    <open-files xmlns="http://www.netbeans.org/ns/projectui-open-files/2">
        <group>
            <file>file:/C:/Users/Sandra/Documents/DAM2/psp/ejerciciosExamen/parking/src/parking/Parking.java</file>
            <file>file:/C:/Users/Sandra/Documents/DAM2/psp/ejerciciosExamen/parking/src/parking/Ejercicio10.java</file>
            <file>file:/C:/Users/Sandra/Documents/DAM2/psp/ejerciciosExamen/parking/src/parking/MyThread.java</file>
        </group>
    </open-files>
</project-private>
